{
  "name": "Flower Shop Skill",
  "intents": [
    {
      "intent": "cancel_reservation",
      "examples": []
    },
    {
      "intent": "hours_info",
      "examples": [
        {
          "text": "what are you hours of operation in Toronto"
        },
        {
          "text": "When are you open"
        },
        {
          "text": "What days are you closed on?"
        },
        {
          "text": "When do you close"
        },
        {
          "text": "Are you open on Christmas' Day?"
        },
        {
          "text": "Are you open on Saturdays?"
        },
        {
          "text": "Are you open on Sundays?"
        },
        {
          "text": "When do you open"
        },
        {
          "text": "What time are you open until?"
        },
        {
          "text": "What are your hours of operation?"
        },
        {
          "text": "What are your hours?"
        },
        {
          "text": "what are the hours of operation for your Montreal store"
        }
      ]
    },
    {
      "intent": "thank_you",
      "examples": [
        {
          "text": "thank you"
        },
        {
          "text": "appreciate it"
        },
        {
          "text": "cheers"
        },
        {
          "text": "thx"
        },
        {
          "text": "thanks"
        }
      ]
    },
    {
      "intent": "location_info",
      "examples": [
        {
          "text": "do you have a flower shop in Montreal"
        },
        {
          "text": "where is your Toronto store?"
        },
        {
          "text": "Give me a list of locations"
        },
        {
          "text": "list of your locations"
        },
        {
          "text": "Where are your stores?"
        },
        {
          "text": "Where are you physically located?"
        },
        {
          "text": "List of location"
        },
        {
          "text": "What are your locations?"
        },
        {
          "text": "Locations in Canada"
        },
        {
          "text": "locations in America"
        },
        {
          "text": "what's the address of your Vancouver store?"
        },
        {
          "text": "What's the address of your Toronto store?"
        }
      ]
    },
    {
      "intent": "flower_recommendations",
      "examples": [
        {
          "text": "flower suggestions"
        },
        {
          "text": "flowers suggestions for my girlfriend"
        },
        {
          "text": "Which flowers for Valentine's Day?"
        },
        {
          "text": "Flower recommendations"
        },
        {
          "text": "recommend me some flowers"
        },
        {
          "text": "which bouquet"
        }
      ]
    },
    {
      "intent": "greetings",
      "examples": [
        {
          "text": "hello"
        },
        {
          "text": "good morning"
        },
        {
          "text": "hey"
        },
        {
          "text": "hi"
        },
        {
          "text": "good evening"
        },
        {
          "text": "kia ora"
        }
      ]
    },
    {
      "intent": "goodbyes",
      "examples": [
        {
          "text": "see you"
        },
        {
          "text": "good bye"
        },
        {
          "text": "talk to you soon"
        },
        {
          "text": "bye"
        },
        {
          "text": "farewell"
        },
        {
          "text": "c ya"
        }
      ]
    }
  ],
  "entities": [
    {
      "entity": "occasion",
      "values": [
        {
          "type": "synonyms",
          "value": "Graduation",
          "synonyms": [
            "commencement",
            "graduate",
            "grad",
            "graduating"
          ]
        },
        {
          "type": "synonyms",
          "value": "Mother's Day",
          "synonyms": [
            "Mom's Day",
            "Mum's Day",
            "Mothering Sunday"
          ]
        },
        {
          "type": "synonyms",
          "value": "Wedding",
          "synonyms": [
            "bridesmaid",
            "groom",
            "bride",
            "best man"
          ]
        },
        {
          "type": "synonyms",
          "value": "Congratulations",
          "synonyms": [
            "success",
            "award"
          ]
        },
        {
          "type": "synonyms",
          "value": "Birthday",
          "synonyms": [
            "birth day",
            "bday",
            "b-day"
          ]
        },
        {
          "type": "synonyms",
          "value": "Funeral",
          "synonyms": [
            "celebration of life",
            "Shiva",
            "wake",
            "sympathy",
            "grief",
            "sorrow",
            "condolences"
          ]
        },
        {
          "type": "synonyms",
          "value": "Valentine's Day",
          "synonyms": [
            "heart day",
            "February 14th",
            "Feb 14",
            "valentines",
            "February 14"
          ]
        },
        {
          "type": "synonyms",
          "value": "Get Well",
          "synonyms": [
            "hospital",
            "cancer",
            "disease",
            "ill",
            "sickness"
          ]
        },
        {
          "type": "synonyms",
          "value": "Anniversary",
          "synonyms": []
        },
        {
          "type": "synonyms",
          "value": "Retirement",
          "synonyms": []
        },
        {
          "type": "synonyms",
          "value": "Christmas",
          "synonyms": [
            "Yule",
            "December 25th",
            "Dec 25",
            "December 25"
          ]
        }
      ]
    },
    {
      "entity": "sys-person",
      "values": []
    },
    {
      "entity": "relationship",
      "values": [
        {
          "type": "synonyms",
          "value": "boyfriend",
          "synonyms": [
            "beau"
          ]
        },
        {
          "type": "synonyms",
          "value": "girlfriend",
          "synonyms": [
            "GF",
            "fiancee"
          ]
        },
        {
          "type": "synonyms",
          "value": "partner",
          "synonyms": []
        },
        {
          "type": "synonyms",
          "value": "father",
          "synonyms": [
            "dad",
            "daddy",
            "pops"
          ]
        },
        {
          "type": "synonyms",
          "value": "mother",
          "synonyms": [
            "mom",
            "mum",
            "mommy",
            "momsie",
            "mama"
          ]
        },
        {
          "type": "synonyms",
          "value": "wife",
          "synonyms": []
        },
        {
          "type": "synonyms",
          "value": "relative",
          "synonyms": [
            "sister",
            "brother",
            "grandma",
            "grandpa",
            "grannie",
            "granny",
            "uncle",
            "aunt",
            "cousin",
            "step"
          ]
        },
        {
          "type": "synonyms",
          "value": "friend",
          "synonyms": [
            "BFF",
            "acquaintance",
            "associate",
            "colleague",
            "coach",
            "teacher",
            "neighbor",
            "roommate",
            "bestie",
            "companion",
            "professor",
            "trainer"
          ]
        },
        {
          "type": "synonyms",
          "value": "couple",
          "synonyms": []
        },
        {
          "type": "synonyms",
          "value": "husband",
          "synonyms": []
        }
      ]
    },
    {
      "entity": "location",
      "values": [
        {
          "type": "synonyms",
          "value": "Toronto",
          "synonyms": [
            "Warden Avenue"
          ]
        },
        {
          "type": "synonyms",
          "value": "Vancouver",
          "synonyms": []
        },
        {
          "type": "synonyms",
          "value": "Calgary",
          "synonyms": []
        },
        {
          "type": "synonyms",
          "value": "Montreal",
          "synonyms": []
        }
      ]
    },
    {
      "entity": "sys-location",
      "values": []
    }
  ],
  "language": "en",
  "metadata": {
    "api_version": {
      "major_version": "v1",
      "minor_version": "2018-09-20"
    }
  },
  "description": "",
  "dialog_nodes": [
    {
      "type": "standard",
      "title": "Collect Other Names",
      "output": {
        "generic": [
          {
            "values": [
              {
                "text": "Nice to meet you, $name. How can I help you? You can ask me about our store hours, locations, or flower recommendations."
              }
            ],
            "response_type": "text",
            "selection_policy": "sequential"
          }
        ]
      },
      "parent": "Welcome",
      "context": {
        "name": "<? input.text.substring(0, 1).toUpperCase() + input.text.substring(1) ?>"
      },
      "metadata": {},
      "conditions": "true",
      "dialog_node": "node_2_1553187944676",
      "previous_sibling": "node_1_1553187941079"
    },
    {
      "type": "standard",
      "title": "Collect Sys-Person Name",
      "output": {
        "generic": [
          {
            "values": [
              {
                "text": "Nice to meet you, $name. How can I help you? You can ask me about our store hours, locations, or flower recommendations."
              }
            ],
            "response_type": "text",
            "selection_policy": "sequential"
          }
        ]
      },
      "parent": "Welcome",
      "context": {
        "name": "@sys-person"
      },
      "metadata": {},
      "conditions": "@sys-person",
      "dialog_node": "node_1_1553187941079"
    },
    {
      "type": "response_condition",
      "output": {
        "generic": [
          {
            "values": [
              {
                "text": "Our Vancouver store is open Monday to Friday, from 9 am to 6 pm, except the holidays."
              }
            ],
            "response_type": "text"
          }
        ]
      },
      "parent": "node_5_1553188179648",
      "metadata": {},
      "conditions": "$city:Vancouver",
      "dialog_node": "node_26_1553188861262",
      "previous_sibling": "node_25_1553188850773"
    },
    {
      "type": "response_condition",
      "output": {
        "generic": [
          {
            "values": [
              {
                "text": "Our Montreal store is open Monday to Friday, between 10 am and 6 pm, holiday excluded."
              }
            ],
            "response_type": "text"
          }
        ]
      },
      "parent": "node_5_1553188179648",
      "metadata": {},
      "conditions": "$city:Montreal",
      "dialog_node": "node_24_1553188838050",
      "previous_sibling": "node_20_1553188805047"
    },
    {
      "type": "response_condition",
      "output": {
        "generic": [
          {
            "values": [
              {
                "text": "Our hours of operations are listed on <a href=\"https://example.org/hours/\">our Hours page</a>."
              }
            ],
            "response_type": "text"
          }
        ]
      },
      "parent": "node_5_1553188179648",
      "metadata": {},
      "conditions": "true",
      "dialog_node": "node_35_1553189458678",
      "previous_sibling": "node_34_1553189399647"
    },
    {
      "type": "response_condition",
      "output": {
        "generic": [
          {
            "values": [
              {
                "text": "Unfortunately, we don’t have a store in @sys-location. 🙁 To date, we have stores in Toronto, Montreal, Calgary, and Vancouver."
              }
            ],
            "response_type": "text"
          }
        ]
      },
      "parent": "node_5_1553188179648",
      "metadata": {},
      "conditions": "@sys-location",
      "dialog_node": "node_34_1553189399647",
      "previous_sibling": "node_26_1553188861262"
    },
    {
      "type": "response_condition",
      "output": {
        "generic": [
          {
            "values": [
              {
                "text": "Our Calgary store is open Monday to Saturday, between 10 am and 6 pm, except statutory holidays."
              }
            ],
            "response_type": "text"
          }
        ]
      },
      "parent": "node_5_1553188179648",
      "metadata": {},
      "conditions": "$city:Calgary",
      "dialog_node": "node_25_1553188850773",
      "previous_sibling": "node_24_1553188838050"
    },
    {
      "type": "slot",
      "output": {},
      "parent": "node_5_1553188179648",
      "metadata": {},
      "variable": "$city",
      "dialog_node": "slot_21_1553188805053",
      "previous_sibling": "node_35_1553189458678"
    },
    {
      "type": "response_condition",
      "output": {
        "generic": [
          {
            "values": [
              {
                "text": "Our Toronto store is open Monday to Saturday from 9 am until 6 pm, except statutory holidays."
              }
            ],
            "response_type": "text",
            "selection_policy": "sequential"
          }
        ]
      },
      "parent": "node_5_1553188179648",
      "metadata": {},
      "conditions": "$city:Toronto",
      "dialog_node": "node_20_1553188805047"
    },
    {
      "type": "event_handler",
      "output": {},
      "parent": "slot_28_1553188906113",
      "metadata": {},
      "event_name": "focus",
      "dialog_node": "handler_30_1553188906113",
      "previous_sibling": "handler_29_1553188906113"
    },
    {
      "type": "event_handler",
      "parent": "slot_28_1553188906113",
      "context": {
        "city": "@location"
      },
      "conditions": "@location",
      "event_name": "input",
      "dialog_node": "handler_29_1553188906113"
    },
    {
      "type": "response_condition",
      "output": {
        "generic": [
          {
            "values": [
              {
                "text": "Our Vancouver store located at 300 Hasting St E."
              }
            ],
            "response_type": "text"
          }
        ]
      },
      "parent": "node_6_1553188181852",
      "metadata": {},
      "conditions": "$city:Vancouver",
      "dialog_node": "node_33_1553188954545",
      "previous_sibling": "node_32_1553188942872"
    },
    {
      "type": "response_condition",
      "output": {
        "generic": [
          {
            "values": [
              {
                "text": "Our store locations are listed on our site on the <a href=\"https://example.org/stores\">stores page</a>."
              }
            ],
            "response_type": "text"
          }
        ]
      },
      "parent": "node_6_1553188181852",
      "metadata": {},
      "conditions": "true",
      "dialog_node": "node_37_1553190505650",
      "previous_sibling": "node_36_1553190490705"
    },
    {
      "type": "slot",
      "output": {},
      "parent": "node_6_1553188181852",
      "metadata": {},
      "variable": "$city",
      "dialog_node": "slot_28_1553188906113",
      "previous_sibling": "node_37_1553190505650"
    },
    {
      "type": "response_condition",
      "output": {
        "generic": [
          {
            "values": [
              {
                "text": "Our Calgary store is on the second floor of the CF Chinook Centre, located at 6455 Macleod Trail."
              }
            ],
            "response_type": "text"
          }
        ]
      },
      "parent": "node_6_1553188181852",
      "metadata": {},
      "conditions": "$city:Calgary",
      "dialog_node": "node_32_1553188942872",
      "previous_sibling": "node_31_1553188930178"
    },
    {
      "type": "response_condition",
      "output": {
        "generic": [
          {
            "values": [
              {
                "text": "Unfortunately, we don’t have a store in @sys-location. 🙁 To date, we have stores in Toronto, Montreal, Calgary, and Vancouver."
              }
            ],
            "response_type": "text"
          }
        ]
      },
      "parent": "node_6_1553188181852",
      "metadata": {},
      "conditions": "@sys-location",
      "dialog_node": "node_36_1553190490705",
      "previous_sibling": "node_33_1553188954545"
    },
    {
      "type": "response_condition",
      "output": {
        "generic": [
          {
            "values": [
              {
                "text": "Our Montreal store is located at 230 Martin St."
              }
            ],
            "response_type": "text"
          }
        ]
      },
      "parent": "node_6_1553188181852",
      "metadata": {},
      "conditions": "$city:Montreal",
      "dialog_node": "node_31_1553188930178",
      "previous_sibling": "node_27_1553188906108"
    },
    {
      "type": "response_condition",
      "output": {
        "generic": [
          {
            "values": [
              {
                "text": "Our Toronto store is located at 123 Warden Avenue."
              }
            ],
            "response_type": "text",
            "selection_policy": "sequential"
          }
        ]
      },
      "parent": "node_6_1553188181852",
      "metadata": {},
      "conditions": "$city:Toronto",
      "dialog_node": "node_27_1553188906108"
    },
    {
      "type": "event_handler",
      "output": {},
      "parent": "slot_21_1553188805053",
      "metadata": {},
      "event_name": "focus",
      "dialog_node": "handler_23_1553188805053",
      "previous_sibling": "handler_22_1553188805053"
    },
    {
      "type": "event_handler",
      "parent": "slot_21_1553188805053",
      "context": {
        "city": "@location"
      },
      "conditions": "@location",
      "event_name": "input",
      "dialog_node": "handler_22_1553188805053"
    },
    {
      "type": "response_condition",
      "output": {
        "generic": [
          {
            "values": [
              {
                "text": "Opt for a fun bouquet of flowers, choosing the birthday person's favorite flowers or colors."
              }
            ],
            "response_type": "text"
          }
        ]
      },
      "parent": "node_4_1553188174983",
      "metadata": {},
      "conditions": "$occasion:Birthday",
      "dialog_node": "node_16_1553188725792",
      "previous_sibling": "node_12_1553188583327"
    },
    {
      "type": "response_condition",
      "output": {
        "generic": [
          {
            "values": [
              {
                "text": "I'd recommend a beautiful mixed bouquet of flowers, like our <a href=\"https://example.org/mix\">Lovely Mix</a>."
              }
            ],
            "response_type": "text"
          }
        ]
      },
      "parent": "node_4_1553188174983",
      "metadata": {},
      "conditions": "true",
      "dialog_node": "node_19_1553188763203",
      "previous_sibling": "node_18_1553188749769"
    },
    {
      "type": "slot",
      "output": {},
      "parent": "node_4_1553188174983",
      "metadata": {},
      "variable": "$occasion",
      "dialog_node": "slot_13_1553188583337",
      "previous_sibling": "node_19_1553188763203"
    },
    {
      "type": "response_condition",
      "output": {
        "generic": [
          {
            "values": [
              {
                "text": "Moms are awesome and worth celebrating with a beautiful bouquet of daisies."
              }
            ],
            "response_type": "text"
          }
        ]
      },
      "parent": "node_4_1553188174983",
      "metadata": {},
      "conditions": "$occasion == \"Mother's Day\"",
      "dialog_node": "node_18_1553188749769",
      "previous_sibling": "node_17_1553188738419"
    },
    {
      "type": "response_condition",
      "output": {
        "generic": [
          {
            "values": [
              {
                "text": "You can never go wrong with a dozen red roses on Valentine's Day."
              }
            ],
            "response_type": "text"
          }
        ]
      },
      "parent": "node_4_1553188174983",
      "metadata": {},
      "conditions": "$occasion == \"Valentine's Day\"",
      "dialog_node": "node_17_1553188738419",
      "previous_sibling": "node_16_1553188725792"
    },
    {
      "type": "response_condition",
      "output": {
        "generic": [
          {
            "values": [
              {
                "text": "I'd go with an all time classic: a beautiful Poinsettia plant."
              }
            ],
            "response_type": "text",
            "selection_policy": "sequential"
          }
        ]
      },
      "parent": "node_4_1553188174983",
      "metadata": {},
      "conditions": "$occasion:Christmas",
      "dialog_node": "node_12_1553188583327"
    },
    {
      "type": "event_handler",
      "output": {
        "text": {
          "values": [
            "Sorry to ask again, $name, but what occasion are the flowers for?"
          ],
          "selection_policy": "sequential"
        }
      },
      "parent": "slot_13_1553188583337",
      "metadata": {},
      "event_name": "nomatch",
      "dialog_node": "handler_4_1553279510060",
      "previous_sibling": "handler_3_1553279510060"
    },
    {
      "type": "event_handler",
      "output": {},
      "parent": "slot_13_1553188583337",
      "context": {
        "occasion": "@occasion"
      },
      "metadata": {},
      "conditions": "@occasion",
      "event_name": "input",
      "dialog_node": "handler_14_1553188583337",
      "previous_sibling": "handler_15_1553188583337"
    },
    {
      "type": "event_handler",
      "output": {
        "text": {
          "values": [
            "Thank you, $name."
          ],
          "selection_policy": "sequential"
        }
      },
      "parent": "slot_13_1553188583337",
      "metadata": {},
      "event_name": "filled",
      "dialog_node": "handler_3_1553279510060",
      "previous_sibling": "handler_14_1553188583337"
    },
    {
      "type": "event_handler",
      "output": {
        "text": "What occasion are the flowers for?"
      },
      "parent": "slot_13_1553188583337",
      "metadata": {},
      "event_name": "focus",
      "dialog_node": "handler_15_1553188583337"
    },
    {
      "type": "standard",
      "title": "Goodbyes",
      "output": {
        "generic": [
          {
            "values": [
              {
                "text": "Nice talking to you today, $name. We hope you visit our $city store."
              }
            ],
            "response_type": "text",
            "selection_policy": "sequential"
          }
        ]
      },
      "parent": "node_7_1553188185679",
      "metadata": {},
      "conditions": "#goodbyes",
      "dialog_node": "node_10_1553188194207",
      "previous_sibling": "node_9_1553188192366"
    },
    {
      "type": "standard",
      "title": "Thank you",
      "output": {
        "generic": [
          {
            "values": [
              {
                "text": "You're welcome, $name. Please let me know if you need anything else."
              },
              {
                "text": "My pleasure, $name."
              },
              {
                "text": "No problem, $name. Let me know if there is anything else I can help with."
              },
              {
                "text": "I aim to please. 😊"
              }
            ],
            "response_type": "text",
            "selection_policy": "sequential"
          }
        ]
      },
      "parent": "node_7_1553188185679",
      "metadata": {},
      "conditions": "#thank_you",
      "dialog_node": "node_9_1553188192366",
      "previous_sibling": "node_8_1553188190076"
    },
    {
      "type": "standard",
      "title": "Greetings",
      "output": {
        "generic": [
          {
            "values": [
              {
                "text": "Hi $name. How can I help you?"
              },
              {
                "text": "Hello $name. How may I assist you today?"
              },
              {
                "text": "Hi $name. What can I help you with?"
              }
            ],
            "response_type": "text",
            "selection_policy": "sequential"
          }
        ]
      },
      "parent": "node_7_1553188185679",
      "metadata": {
        "_customization": {
          "mcr": false
        }
      },
      "conditions": "#greetings",
      "dialog_node": "node_8_1553188190076",
      "digress_out": "allow_all"
    },
    {
      "type": "response_condition",
      "output": {
        "generic": [
          {
            "values": [],
            "response_type": "text",
            "selection_policy": "sequential"
          }
        ]
      },
      "parent": "node_8_1553188190076",
      "disabled": true,
      "metadata": {},
      "dialog_node": "node_11_1553188273386"
    },
    {
      "type": "frame",
      "title": "Flower Recommendations",
      "output": {},
      "metadata": {
        "fallback": "leave",
        "_customization": {
          "mcr": true
        }
      },
      "conditions": "#flower_recommendations",
      "digress_in": "returns",
      "dialog_node": "node_4_1553188174983",
      "digress_out": "allow_all",
      "previous_sibling": "Welcome",
      "digress_out_slots": "allow_all"
    },
    {
      "type": "frame",
      "title": "Location Information",
      "output": {},
      "metadata": {
        "fallback": "leave",
        "_customization": {
          "mcr": true
        }
      },
      "conditions": "#location_info",
      "digress_in": "returns",
      "dialog_node": "node_6_1553188181852",
      "digress_out": "allow_all",
      "previous_sibling": "node_5_1553188179648",
      "digress_out_slots": "not_allowed"
    },
    {
      "type": "folder",
      "title": "Chitchat",
      "metadata": {},
      "dialog_node": "node_7_1553188185679",
      "previous_sibling": "node_6_1553188181852"
    },
    {
      "type": "frame",
      "title": "Hours of Operation",
      "output": {},
      "metadata": {
        "fallback": "leave",
        "_customization": {
          "mcr": true
        }
      },
      "conditions": "#hours_info",
      "digress_in": "returns",
      "dialog_node": "node_5_1553188179648",
      "digress_out": "allow_all",
      "previous_sibling": "node_4_1553188174983",
      "digress_out_slots": "not_allowed"
    },
    {
      "type": "standard",
      "title": "Anything else",
      "output": {
        "generic": [
          {
            "values": [
              {
                "text": "I didn't understand. You can try rephrasing."
              },
              {
                "text": "Can you reword your statement? I'm not understanding."
              },
              {
                "text": "I didn't get your meaning."
              },
              {
                "text": "It looks like we are not quite getting each other today. Would you like to talk to a human agent instead? If so, please contact us at 555-123-4567 or email us at support\\@example.org."
              }
            ],
            "response_type": "text",
            "selection_policy": "sequential"
          }
        ]
      },
      "metadata": {},
      "conditions": "anything_else",
      "dialog_node": "Anything else",
      "previous_sibling": "node_7_1553188185679"
    },
    {
      "type": "standard",
      "title": "Welcome",
      "output": {
        "generic": [
          {
            "values": [
              {
                "text": "Hello. My name is Florence and I'm a chatbot. What name can I call you by?"
              }
            ],
            "response_type": "text",
            "selection_policy": "sequential"
          }
        ]
      },
      "metadata": {},
      "conditions": "welcome",
      "dialog_node": "Welcome"
    }
  ],
  "workspace_id": "4cedbf4a-e87e-4719-a6b1-cf38090cdbe3",
  "counterexamples": [],
  "system_settings": {
    "tooling": {
      "store_generic_responses": true
    }
  },
  "learning_opt_out": false,
  "status": "Available"
}